GEO.id,GEO.id2,GEO.display-label,D002,D003,D004
Id,Id2,Geography,Median age -- - Both sexes,Median age -- - Male,Median age -- - Female
1500000US440070001011,440070001011,"Block Group 1, Census Tract 1.01, Providence County, Rhode Island",20.4,20.5,20.3
1500000US440070001012,440070001012,"Block Group 2, Census Tract 1.01, Providence County, Rhode Island",29.0,25.8,33.6
1500000US440070001013,440070001013,"Block Group 3, Census Tract 1.01, Providence County, Rhode Island",28.3,28.7,27.9
1500000US440070001014,440070001014,"Block Group 4, Census Tract 1.01, Providence County, Rhode Island",27.9,27.2,28.8
1500000US440070001021,440070001021,"Block Group 1, Census Tract 1.02, Providence County, Rhode Island",30.1,28.0,32.5
1500000US440070001022,440070001022,"Block Group 2, Census Tract 1.02, Providence County, Rhode Island",39.2,38.5,39.6
1500000US440070001023,440070001023,"Block Group 3, Census Tract 1.02, Providence County, Rhode Island",31.2,29.3,33.4
1500000US440070001024,440070001024,"Block Group 4, Census Tract 1.02, Providence County, Rhode Island",31.0,30.1,31.7
1500000US440070002001,440070002001,"Block Group 1, Census Tract 2, Providence County, Rhode Island",30.0,27.5,31.9
1500000US440070002002,440070002002,"Block Group 2, Census Tract 2, Providence County, Rhode Island",38.0,36.9,38.8
1500000US440070002003,440070002003,"Block Group 3, Census Tract 2, Providence County, Rhode Island",28.5,27.0,29.9
1500000US440070002004,440070002004,"Block Group 4, Census Tract 2, Providence County, Rhode Island",28.0,27.4,28.6
1500000US440070002005,440070002005,"Block Group 5, Census Tract 2, Providence County, Rhode Island",31.0,31.4,30.8
1500000US440070003001,440070003001,"Block Group 1, Census Tract 3, Providence County, Rhode Island",32.1,32.0,32.1
1500000US440070003002,440070003002,"Block Group 2, Census Tract 3, Providence County, Rhode Island",27.0,26.6,28.0
1500000US440070003003,440070003003,"Block Group 3, Census Tract 3, Providence County, Rhode Island",29.1,28.1,30.6
1500000US440070003004,440070003004,"Block Group 4, Census Tract 3, Providence County, Rhode Island",24.6,22.1,26.9
1500000US440070003005,440070003005,"Block Group 5, Census Tract 3, Providence County, Rhode Island",30.7,29.3,32.3
1500000US440070003006,440070003006,"Block Group 6, Census Tract 3, Providence County, Rhode Island",31.1,30.1,34.2
1500000US440070004001,440070004001,"Block Group 1, Census Tract 4, Providence County, Rhode Island",25.9,22.8,29.6
1500000US440070004002,440070004002,"Block Group 2, Census Tract 4, Providence County, Rhode Island",25.4,23.5,27.9
1500000US440070004003,440070004003,"Block Group 3, Census Tract 4, Providence County, Rhode Island",23.9,21.8,26.0
1500000US440070004004,440070004004,"Block Group 4, Census Tract 4, Providence County, Rhode Island",23.8,22.2,26.1
1500000US440070005001,440070005001,"Block Group 1, Census Tract 5, Providence County, Rhode Island",26.8,24.3,29.0
1500000US440070005002,440070005002,"Block Group 2, Census Tract 5, Providence County, Rhode Island",30.0,24.5,34.9
1500000US440070005003,440070005003,"Block Group 3, Census Tract 5, Providence County, Rhode Island",23.2,21.6,25.5
1500000US440070006001,440070006001,"Block Group 1, Census Tract 6, Providence County, Rhode Island",44.8,37.3,55.5
1500000US440070006002,440070006002,"Block Group 2, Census Tract 6, Providence County, Rhode Island",24.3,21.7,28.1
1500000US440070007001,440070007001,"Block Group 1, Census Tract 7, Providence County, Rhode Island",35.9,30.9,39.3
1500000US440070007002,440070007002,"Block Group 2, Census Tract 7, Providence County, Rhode Island",28.1,25.3,30.3
1500000US440070007003,440070007003,"Block Group 3, Census Tract 7, Providence County, Rhode Island",36.6,34.4,40.6
1500000US440070008001,440070008001,"Block Group 1, Census Tract 8, Providence County, Rhode Island",26.4,29.4,24.0
1500000US440070008002,440070008002,"Block Group 2, Census Tract 8, Providence County, Rhode Island",50.8,49.8,51.9
1500000US440070008003,440070008003,"Block Group 3, Census Tract 8, Providence County, Rhode Island",20.1,20.5,20.0
1500000US440070009001,440070009001,"Block Group 1, Census Tract 9, Providence County, Rhode Island",30.1,29.6,30.4
1500000US440070009002,440070009002,"Block Group 2, Census Tract 9, Providence County, Rhode Island",25.2,26.1,24.4
1500000US440070010001,440070010001,"Block Group 1, Census Tract 10, Providence County, Rhode Island",29.9,29.1,31.4
1500000US440070010002,440070010002,"Block Group 2, Census Tract 10, Providence County, Rhode Island",30.0,29.0,30.7
1500000US440070011001,440070011001,"Block Group 1, Census Tract 11, Providence County, Rhode Island",27.2,28.4,25.4
1500000US440070011002,440070011002,"Block Group 2, Census Tract 11, Providence County, Rhode Island",30.5,33.5,28.4
1500000US440070011003,440070011003,"Block Group 3, Census Tract 11, Providence County, Rhode Island",27.9,27.8,27.9
1500000US440070012001,440070012001,"Block Group 1, Census Tract 12, Providence County, Rhode Island",29.6,24.4,34.1
1500000US440070012002,440070012002,"Block Group 2, Census Tract 12, Providence County, Rhode Island",34.9,33.8,35.9
1500000US440070012003,440070012003,"Block Group 3, Census Tract 12, Providence County, Rhode Island",25.6,24.8,26.6
1500000US440070013001,440070013001,"Block Group 1, Census Tract 13, Providence County, Rhode Island",31.9,31.8,32.0
1500000US440070013002,440070013002,"Block Group 2, Census Tract 13, Providence County, Rhode Island",30.5,30.7,30.4
1500000US440070013003,440070013003,"Block Group 3, Census Tract 13, Providence County, Rhode Island",26.0,26.1,25.7
1500000US440070013004,440070013004,"Block Group 4, Census Tract 13, Providence County, Rhode Island",29.3,28.5,30.4
1500000US440070014001,440070014001,"Block Group 1, Census Tract 14, Providence County, Rhode Island",25.1,25.5,24.5
1500000US440070014002,440070014002,"Block Group 2, Census Tract 14, Providence County, Rhode Island",27.0,27.1,26.9
1500000US440070014003,440070014003,"Block Group 3, Census Tract 14, Providence County, Rhode Island",25.6,24.7,26.6
1500000US440070014004,440070014004,"Block Group 4, Census Tract 14, Providence County, Rhode Island",27.3,26.7,27.9
1500000US440070014005,440070014005,"Block Group 5, Census Tract 14, Providence County, Rhode Island",34.3,34.4,34.1
1500000US440070015001,440070015001,"Block Group 1, Census Tract 15, Providence County, Rhode Island",32.4,31.2,33.3
1500000US440070015002,440070015002,"Block Group 2, Census Tract 15, Providence County, Rhode Island",36.0,33.6,37.4
1500000US440070015003,440070015003,"Block Group 3, Census Tract 15, Providence County, Rhode Island",36.2,34.8,37.2
1500000US440070016001,440070016001,"Block Group 1, Census Tract 16, Providence County, Rhode Island",25.4,26.0,25.3
1500000US440070016002,440070016002,"Block Group 2, Census Tract 16, Providence County, Rhode Island",29.7,28.4,31.0
1500000US440070016003,440070016003,"Block Group 3, Census Tract 16, Providence County, Rhode Island",26.4,26.3,26.7
1500000US440070016004,440070016004,"Block Group 4, Census Tract 16, Providence County, Rhode Island",26.6,26.3,27.0
1500000US440070016005,440070016005,"Block Group 5, Census Tract 16, Providence County, Rhode Island",28.9,28.5,29.4
1500000US440070016006,440070016006,"Block Group 6, Census Tract 16, Providence County, Rhode Island",28.0,27.4,28.5
1500000US440070016007,440070016007,"Block Group 7, Census Tract 16, Providence County, Rhode Island",25.9,25.8,26.0
1500000US440070017001,440070017001,"Block Group 1, Census Tract 17, Providence County, Rhode Island",27.5,26.4,28.8
1500000US440070017002,440070017002,"Block Group 2, Census Tract 17, Providence County, Rhode Island",33.2,32.4,34.0
1500000US440070017003,440070017003,"Block Group 3, Census Tract 17, Providence County, Rhode Island",28.8,28.6,29.0
1500000US440070018001,440070018001,"Block Group 1, Census Tract 18, Providence County, Rhode Island",33.0,29.7,34.9
1500000US440070018002,440070018002,"Block Group 2, Census Tract 18, Providence County, Rhode Island",25.3,21.9,26.8
1500000US440070018003,440070018003,"Block Group 3, Census Tract 18, Providence County, Rhode Island",19.3,17.9,20.7
1500000US440070018004,440070018004,"Block Group 4, Census Tract 18, Providence County, Rhode Island",25.9,24.7,27.5
1500000US440070018005,440070018005,"Block Group 5, Census Tract 18, Providence County, Rhode Island",29.4,28.2,30.5
1500000US440070018006,440070018006,"Block Group 6, Census Tract 18, Providence County, Rhode Island",35.1,33.3,36.6
1500000US440070019001,440070019001,"Block Group 1, Census Tract 19, Providence County, Rhode Island",37.5,39.1,37.2
1500000US440070019002,440070019002,"Block Group 2, Census Tract 19, Providence County, Rhode Island",26.8,28.3,26.1
1500000US440070019003,440070019003,"Block Group 3, Census Tract 19, Providence County, Rhode Island",30.4,29.4,31.6
1500000US440070019004,440070019004,"Block Group 4, Census Tract 19, Providence County, Rhode Island",28.6,28.2,29.0
1500000US440070019005,440070019005,"Block Group 5, Census Tract 19, Providence County, Rhode Island",26.0,26.0,26.2
1500000US440070019006,440070019006,"Block Group 6, Census Tract 19, Providence County, Rhode Island",26.8,26.6,27.0
1500000US440070020001,440070020001,"Block Group 1, Census Tract 20, Providence County, Rhode Island",21.0,22.2,20.7
1500000US440070020002,440070020002,"Block Group 2, Census Tract 20, Providence County, Rhode Island",32.4,30.8,33.8
1500000US440070020003,440070020003,"Block Group 3, Census Tract 20, Providence County, Rhode Island",23.5,18.9,27.4
1500000US440070020004,440070020004,"Block Group 4, Census Tract 20, Providence County, Rhode Island",33.2,33.3,33.0
1500000US440070021011,440070021011,"Block Group 1, Census Tract 21.01, Providence County, Rhode Island",34.9,31.7,37.7
1500000US440070021012,440070021012,"Block Group 2, Census Tract 21.01, Providence County, Rhode Island",39.7,36.0,42.6
1500000US440070021013,440070021013,"Block Group 3, Census Tract 21.01, Providence County, Rhode Island",31.3,29.5,32.8
1500000US440070021021,440070021021,"Block Group 1, Census Tract 21.02, Providence County, Rhode Island",31.8,30.3,32.3
1500000US440070021022,440070021022,"Block Group 2, Census Tract 21.02, Providence County, Rhode Island",28.6,26.9,29.6
1500000US440070021023,440070021023,"Block Group 3, Census Tract 21.02, Providence County, Rhode Island",27.7,26.8,28.9
1500000US440070021024,440070021024,"Block Group 4, Census Tract 21.02, Providence County, Rhode Island",26.9,25.3,28.9
1500000US440070021025,440070021025,"Block Group 5, Census Tract 21.02, Providence County, Rhode Island",32.4,32.7,31.8
1500000US440070022001,440070022001,"Block Group 1, Census Tract 22, Providence County, Rhode Island",26.0,25.8,26.2
1500000US440070022002,440070022002,"Block Group 2, Census Tract 22, Providence County, Rhode Island",26.5,26.6,26.5
1500000US440070022003,440070022003,"Block Group 3, Census Tract 22, Providence County, Rhode Island",26.4,26.7,25.8
1500000US440070022004,440070022004,"Block Group 4, Census Tract 22, Providence County, Rhode Island",26.5,26.6,26.5
1500000US440070023001,440070023001,"Block Group 1, Census Tract 23, Providence County, Rhode Island",22.2,22.2,22.2
1500000US440070023002,440070023002,"Block Group 2, Census Tract 23, Providence County, Rhode Island",48.5,39.0,57.4
1500000US440070023003,440070023003,"Block Group 3, Census Tract 23, Providence County, Rhode Island",32.6,31.0,35.2
1500000US440070023004,440070023004,"Block Group 4, Census Tract 23, Providence County, Rhode Island",38.9,37.7,41.1
1500000US440070023005,440070023005,"Block Group 5, Census Tract 23, Providence County, Rhode Island",31.0,30.5,31.3
1500000US440070023006,440070023006,"Block Group 6, Census Tract 23, Providence County, Rhode Island",38.6,38.5,39.1
1500000US440070024001,440070024001,"Block Group 1, Census Tract 24, Providence County, Rhode Island",19.9,20.0,19.9
1500000US440070024002,440070024002,"Block Group 2, Census Tract 24, Providence County, Rhode Island",39.1,39.3,38.9
1500000US440070024003,440070024003,"Block Group 3, Census Tract 24, Providence County, Rhode Island",39.7,36.9,42.9
1500000US440070024004,440070024004,"Block Group 4, Census Tract 24, Providence County, Rhode Island",45.3,42.7,46.8
1500000US440070024005,440070024005,"Block Group 5, Census Tract 24, Providence County, Rhode Island",42.2,42.3,42.0
1500000US440070024006,440070024006,"Block Group 6, Census Tract 24, Providence County, Rhode Island",42.6,40.7,45.3
1500000US440070025001,440070025001,"Block Group 1, Census Tract 25, Providence County, Rhode Island",28.3,28.2,28.4
1500000US440070025002,440070025002,"Block Group 2, Census Tract 25, Providence County, Rhode Island",31.8,33.5,30.4
1500000US440070026001,440070026001,"Block Group 1, Census Tract 26, Providence County, Rhode Island",33.1,32.0,34.7
1500000US440070026002,440070026002,"Block Group 2, Census Tract 26, Providence County, Rhode Island",29.6,30.6,28.0
1500000US440070026003,440070026003,"Block Group 3, Census Tract 26, Providence County, Rhode Island",26.5,25.2,28.9
1500000US440070027001,440070027001,"Block Group 1, Census Tract 27, Providence County, Rhode Island",34.4,32.0,35.4
1500000US440070027002,440070027002,"Block Group 2, Census Tract 27, Providence County, Rhode Island",28.2,26.0,30.1
1500000US440070027003,440070027003,"Block Group 3, Census Tract 27, Providence County, Rhode Island",21.4,17.6,25.0
1500000US440070027004,440070027004,"Block Group 4, Census Tract 27, Providence County, Rhode Island",21.1,21.3,21.0
1500000US440070028001,440070028001,"Block Group 1, Census Tract 28, Providence County, Rhode Island",28.2,25.7,29.9
1500000US440070028002,440070028002,"Block Group 2, Census Tract 28, Providence County, Rhode Island",35.4,31.5,39.6
1500000US440070028003,440070028003,"Block Group 3, Census Tract 28, Providence County, Rhode Island",30.6,29.8,31.5
1500000US440070028004,440070028004,"Block Group 4, Census Tract 28, Providence County, Rhode Island",29.2,28.2,30.0
1500000US440070029001,440070029001,"Block Group 1, Census Tract 29, Providence County, Rhode Island",38.8,38.3,39.3
1500000US440070029002,440070029002,"Block Group 2, Census Tract 29, Providence County, Rhode Island",31.7,29.9,33.7
1500000US440070029003,440070029003,"Block Group 3, Census Tract 29, Providence County, Rhode Island",28.9,29.6,28.3
1500000US440070029004,440070029004,"Block Group 4, Census Tract 29, Providence County, Rhode Island",37.6,37.8,37.3
1500000US440070029005,440070029005,"Block Group 5, Census Tract 29, Providence County, Rhode Island",33.1,32.5,33.6
1500000US440070031001,440070031001,"Block Group 1, Census Tract 31, Providence County, Rhode Island",29.8,30.1,29.4
1500000US440070031002,440070031002,"Block Group 2, Census Tract 31, Providence County, Rhode Island",27.8,26.7,28.7
1500000US440070031003,440070031003,"Block Group 3, Census Tract 31, Providence County, Rhode Island",32.6,27.8,37.3
1500000US440070031004,440070031004,"Block Group 4, Census Tract 31, Providence County, Rhode Island",35.5,36.5,33.7
1500000US440070031005,440070031005,"Block Group 5, Census Tract 31, Providence County, Rhode Island",60.5,57.7,64.3
1500000US440070032001,440070032001,"Block Group 1, Census Tract 32, Providence County, Rhode Island",34.9,34.3,35.8
1500000US440070032002,440070032002,"Block Group 2, Census Tract 32, Providence County, Rhode Island",33.8,34.2,33.2
1500000US440070032003,440070032003,"Block Group 3, Census Tract 32, Providence County, Rhode Island",34.9,34.4,35.4
1500000US440070032004,440070032004,"Block Group 4, Census Tract 32, Providence County, Rhode Island",30.3,30.2,30.4
1500000US440070033001,440070033001,"Block Group 1, Census Tract 33, Providence County, Rhode Island",42.5,41.2,43.6
1500000US440070033002,440070033002,"Block Group 2, Census Tract 33, Providence County, Rhode Island",38.0,36.7,38.9
1500000US440070033003,440070033003,"Block Group 3, Census Tract 33, Providence County, Rhode Island",37.1,36.4,38.3
1500000US440070033004,440070033004,"Block Group 4, Census Tract 33, Providence County, Rhode Island",34.1,33.1,36.2
1500000US440070034001,440070034001,"Block Group 1, Census Tract 34, Providence County, Rhode Island",47.8,47.9,47.8
1500000US440070034002,440070034002,"Block Group 2, Census Tract 34, Providence County, Rhode Island",57.8,53.2,61.1
1500000US440070034003,440070034003,"Block Group 3, Census Tract 34, Providence County, Rhode Island",46.8,47.5,46.6
1500000US440070034004,440070034004,"Block Group 4, Census Tract 34, Providence County, Rhode Island",38.7,37.3,40.2
1500000US440070035001,440070035001,"Block Group 1, Census Tract 35, Providence County, Rhode Island",36.8,35.9,37.3
1500000US440070035002,440070035002,"Block Group 2, Census Tract 35, Providence County, Rhode Island",29.5,28.5,30.7
1500000US440070035003,440070035003,"Block Group 3, Census Tract 35, Providence County, Rhode Island",30.0,30.9,29.2
1500000US440070035004,440070035004,"Block Group 4, Census Tract 35, Providence County, Rhode Island",39.3,38.8,39.9
1500000US440070036011,440070036011,"Block Group 1, Census Tract 36.01, Providence County, Rhode Island",22.1,22.3,21.9
1500000US440070036012,440070036012,"Block Group 2, Census Tract 36.01, Providence County, Rhode Island",23.0,23.1,22.9
1500000US440070036021,440070036021,"Block Group 1, Census Tract 36.02, Providence County, Rhode Island",20.2,20.2,20.1
1500000US440070036022,440070036022,"Block Group 2, Census Tract 36.02, Providence County, Rhode Island",33.3,34.9,32.4
1500000US440070036023,440070036023,"Block Group 3, Census Tract 36.02, Providence County, Rhode Island",20.0,20.1,19.9
1500000US440070037001,440070037001,"Block Group 1, Census Tract 37, Providence County, Rhode Island",28.1,28.5,27.8
1500000US440070037002,440070037002,"Block Group 2, Census Tract 37, Providence County, Rhode Island",32.5,31.1,35.3
1500000US440070037003,440070037003,"Block Group 3, Census Tract 37, Providence County, Rhode Island",26.8,26.9,26.6
1500000US440070037004,440070037004,"Block Group 4, Census Tract 37, Providence County, Rhode Island",28.8,30.4,26.8
1500000US440070101011,440070101011,"Block Group 1, Census Tract 101.01, Providence County, Rhode Island",40.6,38.2,44.0
1500000US440070101012,440070101012,"Block Group 2, Census Tract 101.01, Providence County, Rhode Island",43.3,40.9,45.3
1500000US440070101013,440070101013,"Block Group 3, Census Tract 101.01, Providence County, Rhode Island",40.3,39.5,40.7
1500000US440070101014,440070101014,"Block Group 4, Census Tract 101.01, Providence County, Rhode Island",37.7,35.9,39.1
1500000US440070101021,440070101021,"Block Group 1, Census Tract 101.02, Providence County, Rhode Island",48.9,48.1,49.7
1500000US440070101022,440070101022,"Block Group 2, Census Tract 101.02, Providence County, Rhode Island",42.2,41.6,42.7
1500000US440070101023,440070101023,"Block Group 3, Census Tract 101.02, Providence County, Rhode Island",45.8,44.2,47.3
1500000US440070101024,440070101024,"Block Group 4, Census Tract 101.02, Providence County, Rhode Island",63.6,53.8,70.6
1500000US440070102001,440070102001,"Block Group 1, Census Tract 102, Providence County, Rhode Island",39.1,37.0,40.8
1500000US440070102002,440070102002,"Block Group 2, Census Tract 102, Providence County, Rhode Island",38.0,33.9,39.5
1500000US440070102003,440070102003,"Block Group 3, Census Tract 102, Providence County, Rhode Island",38.4,36.8,39.8
1500000US440070102004,440070102004,"Block Group 4, Census Tract 102, Providence County, Rhode Island",46.8,40.4,52.3
1500000US440070102005,440070102005,"Block Group 5, Census Tract 102, Providence County, Rhode Island",39.1,37.3,41.5
1500000US440070102006,440070102006,"Block Group 6, Census Tract 102, Providence County, Rhode Island",43.1,39.2,49.5
1500000US440070102007,440070102007,"Block Group 7, Census Tract 102, Providence County, Rhode Island",33.6,33.2,34.3
1500000US440070103001,440070103001,"Block Group 1, Census Tract 103, Providence County, Rhode Island",50.3,47.2,51.9
1500000US440070103002,440070103002,"Block Group 2, Census Tract 103, Providence County, Rhode Island",40.9,38.0,43.8
1500000US440070103003,440070103003,"Block Group 3, Census Tract 103, Providence County, Rhode Island",40.5,40.6,40.4
1500000US440070104001,440070104001,"Block Group 1, Census Tract 104, Providence County, Rhode Island",40.1,38.8,41.6
1500000US440070104002,440070104002,"Block Group 2, Census Tract 104, Providence County, Rhode Island",36.4,34.0,38.7
1500000US440070104003,440070104003,"Block Group 3, Census Tract 104, Providence County, Rhode Island",41.7,39.6,43.4
1500000US440070104004,440070104004,"Block Group 4, Census Tract 104, Providence County, Rhode Island",35.8,34.5,36.9
1500000US440070104005,440070104005,"Block Group 5, Census Tract 104, Providence County, Rhode Island",39.7,38.7,40.0
1500000US440070105011,440070105011,"Block Group 1, Census Tract 105.01, Providence County, Rhode Island",36.9,34.1,38.5
1500000US440070105012,440070105012,"Block Group 2, Census Tract 105.01, Providence County, Rhode Island",40.0,39.1,40.9
1500000US440070105013,440070105013,"Block Group 3, Census Tract 105.01, Providence County, Rhode Island",49.3,46.3,52.1
1500000US440070105021,440070105021,"Block Group 1, Census Tract 105.02, Providence County, Rhode Island",44.4,43.1,45.5
1500000US440070105022,440070105022,"Block Group 2, Census Tract 105.02, Providence County, Rhode Island",42.1,42.6,41.5
1500000US440070105023,440070105023,"Block Group 3, Census Tract 105.02, Providence County, Rhode Island",49.8,46.0,54.0
1500000US440070105024,440070105024,"Block Group 4, Census Tract 105.02, Providence County, Rhode Island",31.5,30.3,32.4
1500000US440070106001,440070106001,"Block Group 1, Census Tract 106, Providence County, Rhode Island",54.4,52.1,56.5
1500000US440070106002,440070106002,"Block Group 2, Census Tract 106, Providence County, Rhode Island",44.7,43.8,45.8
1500000US440070106003,440070106003,"Block Group 3, Census Tract 106, Providence County, Rhode Island",47.0,46.0,49.2
1500000US440070106004,440070106004,"Block Group 4, Census Tract 106, Providence County, Rhode Island",42.1,40.9,43.7
1500000US440070106005,440070106005,"Block Group 5, Census Tract 106, Providence County, Rhode Island",40.0,41.8,38.6
1500000US440070106006,440070106006,"Block Group 6, Census Tract 106, Providence County, Rhode Island",36.5,36.0,36.9
1500000US440070107011,440070107011,"Block Group 1, Census Tract 107.01, Providence County, Rhode Island",45.1,43.8,46.8
1500000US440070107012,440070107012,"Block Group 2, Census Tract 107.01, Providence County, Rhode Island",47.2,46.9,47.5
1500000US440070107021,440070107021,"Block Group 1, Census Tract 107.02, Providence County, Rhode Island",45.8,44.4,47.6
1500000US440070107022,440070107022,"Block Group 2, Census Tract 107.02, Providence County, Rhode Island",41.2,39.1,44.3
1500000US440070107023,440070107023,"Block Group 3, Census Tract 107.02, Providence County, Rhode Island",47.3,45.4,49.0
1500000US440070107024,440070107024,"Block Group 4, Census Tract 107.02, Providence County, Rhode Island",42.0,41.8,42.5
1500000US440070107025,440070107025,"Block Group 5, Census Tract 107.02, Providence County, Rhode Island",45.6,43.7,46.9
1500000US440070108001,440070108001,"Block Group 1, Census Tract 108, Providence County, Rhode Island",31.2,32.4,30.3
1500000US440070108002,440070108002,"Block Group 2, Census Tract 108, Providence County, Rhode Island",30.9,28.2,34.0
1500000US440070108003,440070108003,"Block Group 3, Census Tract 108, Providence County, Rhode Island",31.5,28.1,34.1
1500000US440070109001,440070109001,"Block Group 1, Census Tract 109, Providence County, Rhode Island",35.6,33.8,41.9
1500000US440070109002,440070109002,"Block Group 2, Census Tract 109, Providence County, Rhode Island",28.2,27.8,28.9
1500000US440070109003,440070109003,"Block Group 3, Census Tract 109, Providence County, Rhode Island",31.7,30.3,33.4
1500000US440070110001,440070110001,"Block Group 1, Census Tract 110, Providence County, Rhode Island",33.5,31.9,35.3
1500000US440070110002,440070110002,"Block Group 2, Census Tract 110, Providence County, Rhode Island",30.0,28.2,33.3
1500000US440070110003,440070110003,"Block Group 3, Census Tract 110, Providence County, Rhode Island",26.5,25.4,27.7
1500000US440070111001,440070111001,"Block Group 1, Census Tract 111, Providence County, Rhode Island",29.0,28.0,29.5
1500000US440070111002,440070111002,"Block Group 2, Census Tract 111, Providence County, Rhode Island",29.1,28.6,30.1
1500000US440070112001,440070112001,"Block Group 1, Census Tract 112, Providence County, Rhode Island",40.5,38.6,42.7
1500000US440070112002,440070112002,"Block Group 2, Census Tract 112, Providence County, Rhode Island",42.6,42.9,42.3
1500000US440070112003,440070112003,"Block Group 3, Census Tract 112, Providence County, Rhode Island",34.1,33.2,34.8
1500000US440070112004,440070112004,"Block Group 4, Census Tract 112, Providence County, Rhode Island",42.4,37.0,46.8
1500000US440070112005,440070112005,"Block Group 5, Census Tract 112, Providence County, Rhode Island",39.2,38.4,39.7
1500000US440070113011,440070113011,"Block Group 1, Census Tract 113.01, Providence County, Rhode Island",45.6,43.3,47.1
1500000US440070113012,440070113012,"Block Group 2, Census Tract 113.01, Providence County, Rhode Island",35.2,34.9,35.6
1500000US440070113013,440070113013,"Block Group 3, Census Tract 113.01, Providence County, Rhode Island",39.6,38.5,40.4
1500000US440070113021,440070113021,"Block Group 1, Census Tract 113.02, Providence County, Rhode Island",41.3,41.1,41.3
1500000US440070113022,440070113022,"Block Group 2, Census Tract 113.02, Providence County, Rhode Island",44.7,44.2,45.4
1500000US440070113023,440070113023,"Block Group 3, Census Tract 113.02, Providence County, Rhode Island",42.0,41.3,43.0
1500000US440070114011,440070114011,"Block Group 1, Census Tract 114.01, Providence County, Rhode Island",43.7,42.5,44.8
1500000US440070114012,440070114012,"Block Group 2, Census Tract 114.01, Providence County, Rhode Island",48.3,44.4,51.5
1500000US440070114013,440070114013,"Block Group 3, Census Tract 114.01, Providence County, Rhode Island",42.7,41.9,43.9
1500000US440070114014,440070114014,"Block Group 4, Census Tract 114.01, Providence County, Rhode Island",42.9,43.0,42.8
1500000US440070114015,440070114015,"Block Group 5, Census Tract 114.01, Providence County, Rhode Island",41.1,38.8,43.3
1500000US440070114021,440070114021,"Block Group 1, Census Tract 114.02, Providence County, Rhode Island",48.0,47.2,48.7
1500000US440070114022,440070114022,"Block Group 2, Census Tract 114.02, Providence County, Rhode Island",44.6,44.7,44.6
1500000US440070114031,440070114031,"Block Group 1, Census Tract 114.03, Providence County, Rhode Island",40.0,39.7,40.5
1500000US440070114032,440070114032,"Block Group 2, Census Tract 114.03, Providence County, Rhode Island",36.3,35.8,36.8
1500000US440070114033,440070114033,"Block Group 3, Census Tract 114.03, Providence County, Rhode Island",47.0,42.7,50.9
1500000US440070114034,440070114034,"Block Group 4, Census Tract 114.03, Providence County, Rhode Island",45.6,44.6,46.3
1500000US440070115001,440070115001,"Block Group 1, Census Tract 115, Providence County, Rhode Island",50.5,46.6,55.3
1500000US440070115002,440070115002,"Block Group 2, Census Tract 115, Providence County, Rhode Island",36.4,36.3,36.5
1500000US440070115003,440070115003,"Block Group 3, Census Tract 115, Providence County, Rhode Island",44.0,41.2,45.8
1500000US440070115004,440070115004,"Block Group 4, Census Tract 115, Providence County, Rhode Island",34.8,33.6,36.1
1500000US440070116001,440070116001,"Block Group 1, Census Tract 116, Providence County, Rhode Island",42.6,42.3,42.8
1500000US440070116002,440070116002,"Block Group 2, Census Tract 116, Providence County, Rhode Island",46.2,45.3,47.2
1500000US440070116003,440070116003,"Block Group 3, Census Tract 116, Providence County, Rhode Island",43.9,43.4,44.4
1500000US440070116004,440070116004,"Block Group 4, Census Tract 116, Providence County, Rhode Island",47.3,46.4,48.2
1500000US440070117011,440070117011,"Block Group 1, Census Tract 117.01, Providence County, Rhode Island",38.5,36.0,40.4
1500000US440070117012,440070117012,"Block Group 2, Census Tract 117.01, Providence County, Rhode Island",43.7,40.0,46.4
1500000US440070117013,440070117013,"Block Group 3, Census Tract 117.01, Providence County, Rhode Island",42.4,39.4,44.3
1500000US440070117021,440070117021,"Block Group 1, Census Tract 117.02, Providence County, Rhode Island",38.2,36.9,39.3
1500000US440070117022,440070117022,"Block Group 2, Census Tract 117.02, Providence County, Rhode Island",42.5,41.3,43.2
1500000US440070117023,440070117023,"Block Group 3, Census Tract 117.02, Providence County, Rhode Island",43.7,42.7,44.7
1500000US440070118001,440070118001,"Block Group 1, Census Tract 118, Providence County, Rhode Island",43.1,41.3,45.0
1500000US440070118002,440070118002,"Block Group 2, Census Tract 118, Providence County, Rhode Island",40.6,39.5,41.4
1500000US440070118003,440070118003,"Block Group 3, Census Tract 118, Providence County, Rhode Island",36.1,34.7,37.3
1500000US440070118004,440070118004,"Block Group 4, Census Tract 118, Providence County, Rhode Island",44.5,45.1,43.9
1500000US440070118005,440070118005,"Block Group 5, Census Tract 118, Providence County, Rhode Island",41.6,40.0,42.8
1500000US440070119011,440070119011,"Block Group 1, Census Tract 119.01, Providence County, Rhode Island",41.8,39.5,43.6
1500000US440070119012,440070119012,"Block Group 2, Census Tract 119.01, Providence County, Rhode Island",40.7,39.9,41.5
1500000US440070119021,440070119021,"Block Group 1, Census Tract 119.02, Providence County, Rhode Island",54.6,52.2,55.7
1500000US440070119022,440070119022,"Block Group 2, Census Tract 119.02, Providence County, Rhode Island",56.6,54.3,58.0
1500000US440070119023,440070119023,"Block Group 3, Census Tract 119.02, Providence County, Rhode Island",51.5,50.1,53.5
1500000US440070120001,440070120001,"Block Group 1, Census Tract 120, Providence County, Rhode Island",42.5,40.1,44.2
1500000US440070120002,440070120002,"Block Group 2, Census Tract 120, Providence County, Rhode Island",42.3,40.9,43.7
1500000US440070120003,440070120003,"Block Group 3, Census Tract 120, Providence County, Rhode Island",44.6,43.4,45.4
1500000US440070120004,440070120004,"Block Group 4, Census Tract 120, Providence County, Rhode Island",46.1,43.8,48.5
1500000US440070120005,440070120005,"Block Group 5, Census Tract 120, Providence County, Rhode Island",43.1,40.8,46.1
1500000US440070121021,440070121021,"Block Group 1, Census Tract 121.02, Providence County, Rhode Island",40.0,35.8,42.5
1500000US440070121022,440070121022,"Block Group 2, Census Tract 121.02, Providence County, Rhode Island",39.6,36.3,41.8
1500000US440070121023,440070121023,"Block Group 3, Census Tract 121.02, Providence County, Rhode Island",35.4,35.0,35.7
1500000US440070121024,440070121024,"Block Group 4, Census Tract 121.02, Providence County, Rhode Island",39.2,35.6,41.4
1500000US440070121031,440070121031,"Block Group 1, Census Tract 121.03, Providence County, Rhode Island",55.0,48.0,62.3
1500000US440070121032,440070121032,"Block Group 2, Census Tract 121.03, Providence County, Rhode Island",42.9,41.2,44.7
1500000US440070121041,440070121041,"Block Group 1, Census Tract 121.04, Providence County, Rhode Island",46.2,41.5,49.6
1500000US440070121042,440070121042,"Block Group 2, Census Tract 121.04, Providence County, Rhode Island",35.0,34.8,35.2
1500000US440070121043,440070121043,"Block Group 3, Census Tract 121.04, Providence County, Rhode Island",41.2,40.6,42.1
1500000US440070122001,440070122001,"Block Group 1, Census Tract 122, Providence County, Rhode Island",43.0,38.3,45.8
1500000US440070122002,440070122002,"Block Group 2, Census Tract 122, Providence County, Rhode Island",42.5,42.3,42.9
1500000US440070122003,440070122003,"Block Group 3, Census Tract 122, Providence County, Rhode Island",49.1,47.3,51.3
1500000US440070122004,440070122004,"Block Group 4, Census Tract 122, Providence County, Rhode Island",44.7,44.6,44.8
1500000US440070123001,440070123001,"Block Group 1, Census Tract 123, Providence County, Rhode Island",40.3,40.5,39.8
1500000US440070123002,440070123002,"Block Group 2, Census Tract 123, Providence County, Rhode Island",42.7,41.2,44.5
1500000US440070123003,440070123003,"Block Group 3, Census Tract 123, Providence County, Rhode Island",45.1,43.8,46.5
1500000US440070124011,440070124011,"Block Group 1, Census Tract 124.01, Providence County, Rhode Island",35.3,34.8,36.0
1500000US440070124012,440070124012,"Block Group 2, Census Tract 124.01, Providence County, Rhode Island",40.6,38.1,43.7
1500000US440070124013,440070124013,"Block Group 3, Census Tract 124.01, Providence County, Rhode Island",40.8,40.0,41.5
1500000US440070124014,440070124014,"Block Group 4, Census Tract 124.01, Providence County, Rhode Island",43.9,43.2,45.1
1500000US440070124015,440070124015,"Block Group 5, Census Tract 124.01, Providence County, Rhode Island",44.7,41.6,47.3
1500000US440070124016,440070124016,"Block Group 6, Census Tract 124.01, Providence County, Rhode Island",49.3,44.2,53.6
1500000US440070124021,440070124021,"Block Group 1, Census Tract 124.02, Providence County, Rhode Island",41.7,39.9,43.4
1500000US440070124022,440070124022,"Block Group 2, Census Tract 124.02, Providence County, Rhode Island",44.3,43.1,45.4
1500000US440070125001,440070125001,"Block Group 1, Census Tract 125, Providence County, Rhode Island",41.3,38.9,42.9
1500000US440070125002,440070125002,"Block Group 2, Census Tract 125, Providence County, Rhode Island",48.4,44.2,52.6
1500000US440070125003,440070125003,"Block Group 3, Census Tract 125, Providence County, Rhode Island",43.6,42.3,44.8
1500000US440070126011,440070126011,"Block Group 1, Census Tract 126.01, Providence County, Rhode Island",20.7,20.7,20.8
1500000US440070126012,440070126012,"Block Group 2, Census Tract 126.01, Providence County, Rhode Island",44.6,43.5,45.7
1500000US440070126021,440070126021,"Block Group 1, Census Tract 126.02, Providence County, Rhode Island",44.8,43.5,46.2
1500000US440070126022,440070126022,"Block Group 2, Census Tract 126.02, Providence County, Rhode Island",40.3,39.5,41.4
1500000US440070126023,440070126023,"Block Group 3, Census Tract 126.02, Providence County, Rhode Island",46.3,41.3,49.9
1500000US440070126024,440070126024,"Block Group 4, Census Tract 126.02, Providence County, Rhode Island",40.1,39.2,41.6
1500000US440070126025,440070126025,"Block Group 5, Census Tract 126.02, Providence County, Rhode Island",47.3,45.7,48.8
1500000US440070126026,440070126026,"Block Group 6, Census Tract 126.02, Providence County, Rhode Island",48.1,46.5,49.4
1500000US440070127011,440070127011,"Block Group 1, Census Tract 127.01, Providence County, Rhode Island",48.0,45.5,50.3
1500000US440070127012,440070127012,"Block Group 2, Census Tract 127.01, Providence County, Rhode Island",47.8,46.7,48.7
1500000US440070127013,440070127013,"Block Group 3, Census Tract 127.01, Providence County, Rhode Island",49.2,47.7,50.7
1500000US440070127021,440070127021,"Block Group 1, Census Tract 127.02, Providence County, Rhode Island",45.9,44.2,47.5
1500000US440070127022,440070127022,"Block Group 2, Census Tract 127.02, Providence County, Rhode Island",52.3,49.7,54.0
1500000US440070127023,440070127023,"Block Group 3, Census Tract 127.02, Providence County, Rhode Island",43.6,43.4,43.9
1500000US440070128011,440070128011,"Block Group 1, Census Tract 128.01, Providence County, Rhode Island",44.3,43.2,44.8
1500000US440070128012,440070128012,"Block Group 2, Census Tract 128.01, Providence County, Rhode Island",61.3,50.5,68.3
1500000US440070128013,440070128013,"Block Group 3, Census Tract 128.01, Providence County, Rhode Island",43.0,41.2,44.6
1500000US440070128021,440070128021,"Block Group 1, Census Tract 128.02, Providence County, Rhode Island",43.6,43.5,43.7
1500000US440070128022,440070128022,"Block Group 2, Census Tract 128.02, Providence County, Rhode Island",46.3,42.4,48.9
1500000US440070128031,440070128031,"Block Group 1, Census Tract 128.03, Providence County, Rhode Island",47.8,47.2,48.4
1500000US440070128032,440070128032,"Block Group 2, Census Tract 128.03, Providence County, Rhode Island",42.3,42.0,42.5
1500000US440070129001,440070129001,"Block Group 1, Census Tract 129, Providence County, Rhode Island",41.6,39.7,42.7
1500000US440070129002,440070129002,"Block Group 2, Census Tract 129, Providence County, Rhode Island",39.3,36.3,42.0
1500000US440070129003,440070129003,"Block Group 3, Census Tract 129, Providence County, Rhode Island",38.1,37.8,38.3
1500000US440070129004,440070129004,"Block Group 4, Census Tract 129, Providence County, Rhode Island",40.4,39.2,41.6
1500000US440070130011,440070130011,"Block Group 1, Census Tract 130.01, Providence County, Rhode Island",44.5,44.2,44.7
1500000US440070130012,440070130012,"Block Group 2, Census Tract 130.01, Providence County, Rhode Island",43.1,42.9,43.1
1500000US440070130013,440070130013,"Block Group 3, Census Tract 130.01, Providence County, Rhode Island",44.4,43.1,45.3
1500000US440070130021,440070130021,"Block Group 1, Census Tract 130.02, Providence County, Rhode Island",41.7,41.4,42.0
1500000US440070130022,440070130022,"Block Group 2, Census Tract 130.02, Providence County, Rhode Island",42.6,41.3,44.1
1500000US440070130023,440070130023,"Block Group 3, Census Tract 130.02, Providence County, Rhode Island",44.5,44.0,45.1
1500000US440070130024,440070130024,"Block Group 4, Census Tract 130.02, Providence County, Rhode Island",43.8,41.9,45.0
1500000US440070131011,440070131011,"Block Group 1, Census Tract 131.01, Providence County, Rhode Island",45.1,44.7,45.4
1500000US440070131012,440070131012,"Block Group 2, Census Tract 131.01, Providence County, Rhode Island",44.3,44.4,44.2
1500000US440070131013,440070131013,"Block Group 3, Census Tract 131.01, Providence County, Rhode Island",45.8,45.1,46.3
1500000US440070131021,440070131021,"Block Group 1, Census Tract 131.02, Providence County, Rhode Island",44.3,44.3,44.3
1500000US440070131022,440070131022,"Block Group 2, Census Tract 131.02, Providence County, Rhode Island",43.4,43.1,43.8
1500000US440070131023,440070131023,"Block Group 3, Census Tract 131.02, Providence County, Rhode Island",45.1,44.7,45.4
1500000US440070132011,440070132011,"Block Group 1, Census Tract 132.01, Providence County, Rhode Island",48.4,48.6,48.2
1500000US440070132012,440070132012,"Block Group 2, Census Tract 132.01, Providence County, Rhode Island",46.8,45.6,47.5
1500000US440070132013,440070132013,"Block Group 3, Census Tract 132.01, Providence County, Rhode Island",46.4,46.8,46.1
1500000US440070132014,440070132014,"Block Group 4, Census Tract 132.01, Providence County, Rhode Island",43.5,43.9,43.0
1500000US440070132021,440070132021,"Block Group 1, Census Tract 132.02, Providence County, Rhode Island",45.2,45.3,45.1
1500000US440070132022,440070132022,"Block Group 2, Census Tract 132.02, Providence County, Rhode Island",47.3,46.7,47.9
1500000US440070132023,440070132023,"Block Group 3, Census Tract 132.02, Providence County, Rhode Island",41.0,41.2,40.9
1500000US440070133001,440070133001,"Block Group 1, Census Tract 133, Providence County, Rhode Island",45.3,44.6,46.0
1500000US440070133002,440070133002,"Block Group 2, Census Tract 133, Providence County, Rhode Island",43.3,42.6,43.9
1500000US440070133003,440070133003,"Block Group 3, Census Tract 133, Providence County, Rhode Island",44.8,44.4,45.5
1500000US440070133004,440070133004,"Block Group 4, Census Tract 133, Providence County, Rhode Island",46.0,45.3,46.8
1500000US440070134001,440070134001,"Block Group 1, Census Tract 134, Providence County, Rhode Island",48.9,45.3,51.9
1500000US440070134002,440070134002,"Block Group 2, Census Tract 134, Providence County, Rhode Island",41.9,41.6,42.2
1500000US440070134003,440070134003,"Block Group 3, Census Tract 134, Providence County, Rhode Island",47.9,46.5,49.0
1500000US440070134004,440070134004,"Block Group 4, Census Tract 134, Providence County, Rhode Island",40.6,38.9,41.6
1500000US440070135001,440070135001,"Block Group 1, Census Tract 135, Providence County, Rhode Island",22.0,23.1,21.6
1500000US440070135002,440070135002,"Block Group 2, Census Tract 135, Providence County, Rhode Island",32.0,32.3,31.8
1500000US440070135003,440070135003,"Block Group 3, Census Tract 135, Providence County, Rhode Island",34.6,34.8,34.5
1500000US440070135004,440070135004,"Block Group 4, Census Tract 135, Providence County, Rhode Island",34.2,34.4,33.9
1500000US440070135005,440070135005,"Block Group 5, Census Tract 135, Providence County, Rhode Island",38.2,34.2,41.7
1500000US440070136001,440070136001,"Block Group 1, Census Tract 136, Providence County, Rhode Island",41.1,39.1,43.1
1500000US440070136002,440070136002,"Block Group 2, Census Tract 136, Providence County, Rhode Island",37.7,36.6,38.2
1500000US440070136003,440070136003,"Block Group 3, Census Tract 136, Providence County, Rhode Island",35.1,34.1,36.4
1500000US440070137011,440070137011,"Block Group 1, Census Tract 137.01, Providence County, Rhode Island",40.1,40.6,39.6
1500000US440070137012,440070137012,"Block Group 2, Census Tract 137.01, Providence County, Rhode Island",36.3,33.9,39.7
1500000US440070137013,440070137013,"Block Group 3, Census Tract 137.01, Providence County, Rhode Island",34.2,34.1,34.5
1500000US440070137014,440070137014,"Block Group 4, Census Tract 137.01, Providence County, Rhode Island",35.1,33.1,36.7
1500000US440070137021,440070137021,"Block Group 1, Census Tract 137.02, Providence County, Rhode Island",37.9,35.7,39.9
1500000US440070137022,440070137022,"Block Group 2, Census Tract 137.02, Providence County, Rhode Island",41.2,38.5,43.2
1500000US440070137023,440070137023,"Block Group 3, Census Tract 137.02, Providence County, Rhode Island",39.3,35.8,42.2
1500000US440070138001,440070138001,"Block Group 1, Census Tract 138, Providence County, Rhode Island",46.7,44.3,48.6
1500000US440070138002,440070138002,"Block Group 2, Census Tract 138, Providence County, Rhode Island",36.3,35.6,37.3
1500000US440070138003,440070138003,"Block Group 3, Census Tract 138, Providence County, Rhode Island",41.8,38.7,43.8
1500000US440070138004,440070138004,"Block Group 4, Census Tract 138, Providence County, Rhode Island",39.3,36.7,41.6
1500000US440070138005,440070138005,"Block Group 5, Census Tract 138, Providence County, Rhode Island",38.3,34.4,40.9
1500000US440070139001,440070139001,"Block Group 1, Census Tract 139, Providence County, Rhode Island",53.6,50.3,56.6
1500000US440070139002,440070139002,"Block Group 2, Census Tract 139, Providence County, Rhode Island",46.7,42.2,49.6
1500000US440070139003,440070139003,"Block Group 3, Census Tract 139, Providence County, Rhode Island",48.5,43.1,52.3
1500000US440070140001,440070140001,"Block Group 1, Census Tract 140, Providence County, Rhode Island",38.7,38.5,38.9
1500000US440070140002,440070140002,"Block Group 2, Census Tract 140, Providence County, Rhode Island",37.0,34.6,38.5
1500000US440070140003,440070140003,"Block Group 3, Census Tract 140, Providence County, Rhode Island",41.6,39.0,44.2
1500000US440070140004,440070140004,"Block Group 4, Census Tract 140, Providence County, Rhode Island",43.4,40.2,46.0
1500000US440070140005,440070140005,"Block Group 5, Census Tract 140, Providence County, Rhode Island",40.8,39.2,42.9
1500000US440070141001,440070141001,"Block Group 1, Census Tract 141, Providence County, Rhode Island",32.3,29.9,34.4
1500000US440070141002,440070141002,"Block Group 2, Census Tract 141, Providence County, Rhode Island",40.3,38.1,41.2
1500000US440070141003,440070141003,"Block Group 3, Census Tract 141, Providence County, Rhode Island",33.1,32.0,35.1
1500000US440070141004,440070141004,"Block Group 4, Census Tract 141, Providence County, Rhode Island",36.4,36.0,37.0
1500000US440070142001,440070142001,"Block Group 1, Census Tract 142, Providence County, Rhode Island",42.4,41.1,43.4
1500000US440070142002,440070142002,"Block Group 2, Census Tract 142, Providence County, Rhode Island",34.3,34.2,36.1
1500000US440070142003,440070142003,"Block Group 3, Census Tract 142, Providence County, Rhode Island",44.0,41.2,46.8
1500000US440070143001,440070143001,"Block Group 1, Census Tract 143, Providence County, Rhode Island",48.1,45.5,49.6
1500000US440070143002,440070143002,"Block Group 2, Census Tract 143, Providence County, Rhode Island",48.6,48.4,48.7
1500000US440070143003,440070143003,"Block Group 3, Census Tract 143, Providence County, Rhode Island",50.8,49.5,52.2
1500000US440070143004,440070143004,"Block Group 4, Census Tract 143, Providence County, Rhode Island",49.7,48.5,50.7
1500000US440070144001,440070144001,"Block Group 1, Census Tract 144, Providence County, Rhode Island",56.1,52.9,58.2
1500000US440070144002,440070144002,"Block Group 2, Census Tract 144, Providence County, Rhode Island",44.9,43.3,46.0
1500000US440070144003,440070144003,"Block Group 3, Census Tract 144, Providence County, Rhode Island",46.8,45.1,48.6
1500000US440070145011,440070145011,"Block Group 1, Census Tract 145.01, Providence County, Rhode Island",42.4,41.5,43.0
1500000US440070145012,440070145012,"Block Group 2, Census Tract 145.01, Providence County, Rhode Island",44.2,42.7,45.7
1500000US440070145013,440070145013,"Block Group 3, Census Tract 145.01, Providence County, Rhode Island",40.5,40.1,40.9
1500000US440070145021,440070145021,"Block Group 1, Census Tract 145.02, Providence County, Rhode Island",50.7,47.3,53.3
1500000US440070145022,440070145022,"Block Group 2, Census Tract 145.02, Providence County, Rhode Island",43.4,42.6,44.4
1500000US440070145023,440070145023,"Block Group 3, Census Tract 145.02, Providence County, Rhode Island",44.7,41.1,47.0
1500000US440070146001,440070146001,"Block Group 1, Census Tract 146, Providence County, Rhode Island",45.2,43.5,46.6
1500000US440070146002,440070146002,"Block Group 2, Census Tract 146, Providence County, Rhode Island",42.8,42.2,43.4
1500000US440070146003,440070146003,"Block Group 3, Census Tract 146, Providence County, Rhode Island",39.9,39.3,40.5
1500000US440070147001,440070147001,"Block Group 1, Census Tract 147, Providence County, Rhode Island",35.8,35.6,36.2
1500000US440070147002,440070147002,"Block Group 2, Census Tract 147, Providence County, Rhode Island",34.8,32.7,37.8
1500000US440070147003,440070147003,"Block Group 3, Census Tract 147, Providence County, Rhode Island",30.9,31.3,30.4
1500000US440070147004,440070147004,"Block Group 4, Census Tract 147, Providence County, Rhode Island",35.7,32.0,38.3
1500000US440070147005,440070147005,"Block Group 5, Census Tract 147, Providence County, Rhode Island",49.9,48.8,51.1
1500000US440070147006,440070147006,"Block Group 6, Census Tract 147, Providence County, Rhode Island",35.3,32.1,38.6
1500000US440070148001,440070148001,"Block Group 1, Census Tract 148, Providence County, Rhode Island",41.7,41.6,41.8
1500000US440070148002,440070148002,"Block Group 2, Census Tract 148, Providence County, Rhode Island",44.0,43.3,44.8
1500000US440070148003,440070148003,"Block Group 3, Census Tract 148, Providence County, Rhode Island",43.3,42.5,44.4
1500000US440070150001,440070150001,"Block Group 1, Census Tract 150, Providence County, Rhode Island",34.5,32.5,36.2
1500000US440070150002,440070150002,"Block Group 2, Census Tract 150, Providence County, Rhode Island",36.1,34.9,37.6
1500000US440070151001,440070151001,"Block Group 1, Census Tract 151, Providence County, Rhode Island",32.8,29.6,34.9
1500000US440070151002,440070151002,"Block Group 2, Census Tract 151, Providence County, Rhode Island",29.8,30.4,29.4
1500000US440070151003,440070151003,"Block Group 3, Census Tract 151, Providence County, Rhode Island",36.7,37.0,36.3
1500000US440070152001,440070152001,"Block Group 1, Census Tract 152, Providence County, Rhode Island",46.8,42.9,49.5
1500000US440070152002,440070152002,"Block Group 2, Census Tract 152, Providence County, Rhode Island",51.9,50.3,53.6
1500000US440070153001,440070153001,"Block Group 1, Census Tract 153, Providence County, Rhode Island",30.1,28.1,32.5
1500000US440070153002,440070153002,"Block Group 2, Census Tract 153, Providence County, Rhode Island",34.7,34.1,35.4
1500000US440070154001,440070154001,"Block Group 1, Census Tract 154, Providence County, Rhode Island",33.6,32.8,34.5
1500000US440070154002,440070154002,"Block Group 2, Census Tract 154, Providence County, Rhode Island",29.5,28.9,29.8
1500000US440070155001,440070155001,"Block Group 1, Census Tract 155, Providence County, Rhode Island",40.7,40.2,41.4
1500000US440070155002,440070155002,"Block Group 2, Census Tract 155, Providence County, Rhode Island",36.6,33.7,39.0
1500000US440070155003,440070155003,"Block Group 3, Census Tract 155, Providence County, Rhode Island",31.6,31.1,32.0
1500000US440070155004,440070155004,"Block Group 4, Census Tract 155, Providence County, Rhode Island",33.7,33.0,34.0
1500000US440070156001,440070156001,"Block Group 1, Census Tract 156, Providence County, Rhode Island",40.6,39.5,41.2
1500000US440070156002,440070156002,"Block Group 2, Census Tract 156, Providence County, Rhode Island",38.7,38.3,40.0
1500000US440070156003,440070156003,"Block Group 3, Census Tract 156, Providence County, Rhode Island",34.5,33.5,35.2
1500000US440070157001,440070157001,"Block Group 1, Census Tract 157, Providence County, Rhode Island",45.4,45.2,45.8
1500000US440070157002,440070157002,"Block Group 2, Census Tract 157, Providence County, Rhode Island",39.7,38.3,41.1
1500000US440070157003,440070157003,"Block Group 3, Census Tract 157, Providence County, Rhode Island",43.1,40.9,44.1
1500000US440070157004,440070157004,"Block Group 4, Census Tract 157, Providence County, Rhode Island",43.5,43.8,43.0
1500000US440070158001,440070158001,"Block Group 1, Census Tract 158, Providence County, Rhode Island",44.7,43.6,45.4
1500000US440070158002,440070158002,"Block Group 2, Census Tract 158, Providence County, Rhode Island",35.5,34.2,36.6
1500000US440070158003,440070158003,"Block Group 3, Census Tract 158, Providence County, Rhode Island",37.6,34.6,40.3
1500000US440070158004,440070158004,"Block Group 4, Census Tract 158, Providence County, Rhode Island",38.8,36.1,40.9
1500000US440070158005,440070158005,"Block Group 5, Census Tract 158, Providence County, Rhode Island",38.2,36.3,40.3
1500000US440070159001,440070159001,"Block Group 1, Census Tract 159, Providence County, Rhode Island",36.9,34.4,41.1
1500000US440070159002,440070159002,"Block Group 2, Census Tract 159, Providence County, Rhode Island",34.2,31.4,36.0
1500000US440070159003,440070159003,"Block Group 3, Census Tract 159, Providence County, Rhode Island",41.1,39.3,43.3
1500000US440070159004,440070159004,"Block Group 4, Census Tract 159, Providence County, Rhode Island",38.4,38.2,38.6
1500000US440070160001,440070160001,"Block Group 1, Census Tract 160, Providence County, Rhode Island",38.7,36.8,41.1
1500000US440070160002,440070160002,"Block Group 2, Census Tract 160, Providence County, Rhode Island",33.3,33.3,33.4
1500000US440070160003,440070160003,"Block Group 3, Census Tract 160, Providence County, Rhode Island",31.8,30.6,33.2
1500000US440070161001,440070161001,"Block Group 1, Census Tract 161, Providence County, Rhode Island",32.6,33.8,31.2
1500000US440070161002,440070161002,"Block Group 2, Census Tract 161, Providence County, Rhode Island",29.9,30.8,29.4
1500000US440070161003,440070161003,"Block Group 3, Census Tract 161, Providence County, Rhode Island",28.8,26.7,30.5
1500000US440070161004,440070161004,"Block Group 4, Census Tract 161, Providence County, Rhode Island",29.5,28.9,29.9
1500000US440070163001,440070163001,"Block Group 1, Census Tract 163, Providence County, Rhode Island",39.8,38.2,41.3
1500000US440070163002,440070163002,"Block Group 2, Census Tract 163, Providence County, Rhode Island",41.6,40.0,43.2
1500000US440070163003,440070163003,"Block Group 3, Census Tract 163, Providence County, Rhode Island",38.4,38.9,37.8
1500000US440070164001,440070164001,"Block Group 1, Census Tract 164, Providence County, Rhode Island",29.4,28.6,30.2
1500000US440070164002,440070164002,"Block Group 2, Census Tract 164, Providence County, Rhode Island",36.0,33.8,38.0
1500000US440070164003,440070164003,"Block Group 3, Census Tract 164, Providence County, Rhode Island",28.6,27.6,30.0
1500000US440070165001,440070165001,"Block Group 1, Census Tract 165, Providence County, Rhode Island",46.6,45.7,47.6
1500000US440070165002,440070165002,"Block Group 2, Census Tract 165, Providence County, Rhode Island",38.0,37.2,39.0
1500000US440070165003,440070165003,"Block Group 3, Census Tract 165, Providence County, Rhode Island",38.0,37.9,38.1
1500000US440070166001,440070166001,"Block Group 1, Census Tract 166, Providence County, Rhode Island",34.5,30.8,39.1
1500000US440070167001,440070167001,"Block Group 1, Census Tract 167, Providence County, Rhode Island",33.6,33.8,33.4
1500000US440070167002,440070167002,"Block Group 2, Census Tract 167, Providence County, Rhode Island",34.4,32.7,35.8
1500000US440070168001,440070168001,"Block Group 1, Census Tract 168, Providence County, Rhode Island",38.9,37.7,39.8
1500000US440070168002,440070168002,"Block Group 2, Census Tract 168, Providence County, Rhode Island",43.7,41.8,46.6
1500000US440070168003,440070168003,"Block Group 3, Census Tract 168, Providence County, Rhode Island",39.5,39.4,39.6
1500000US440070169001,440070169001,"Block Group 1, Census Tract 169, Providence County, Rhode Island",46.3,44.3,47.9
1500000US440070169002,440070169002,"Block Group 2, Census Tract 169, Providence County, Rhode Island",51.5,50.6,52.5
1500000US440070169003,440070169003,"Block Group 3, Census Tract 169, Providence County, Rhode Island",40.0,37.0,41.9
1500000US440070170001,440070170001,"Block Group 1, Census Tract 170, Providence County, Rhode Island",39.9,38.3,40.9
1500000US440070170002,440070170002,"Block Group 2, Census Tract 170, Providence County, Rhode Island",48.0,46.4,50.1
1500000US440070170003,440070170003,"Block Group 3, Census Tract 170, Providence County, Rhode Island",44.2,42.0,45.5
1500000US440070170004,440070170004,"Block Group 4, Census Tract 170, Providence County, Rhode Island",43.5,40.8,45.4
1500000US440070171001,440070171001,"Block Group 1, Census Tract 171, Providence County, Rhode Island",36.4,35.3,37.4
1500000US440070171002,440070171002,"Block Group 2, Census Tract 171, Providence County, Rhode Island",39.4,39.5,39.3
1500000US440070171003,440070171003,"Block Group 3, Census Tract 171, Providence County, Rhode Island",31.3,28.2,33.8
1500000US440070171004,440070171004,"Block Group 4, Census Tract 171, Providence County, Rhode Island",34.0,33.6,35.5
1500000US440070173001,440070173001,"Block Group 1, Census Tract 173, Providence County, Rhode Island",40.6,39.9,41.3
1500000US440070173002,440070173002,"Block Group 2, Census Tract 173, Providence County, Rhode Island",36.3,36.9,35.6
1500000US440070173003,440070173003,"Block Group 3, Census Tract 173, Providence County, Rhode Island",36.8,35.5,37.5
1500000US440070174001,440070174001,"Block Group 1, Census Tract 174, Providence County, Rhode Island",39.3,34.7,42.5
1500000US440070174002,440070174002,"Block Group 2, Census Tract 174, Providence County, Rhode Island",29.0,29.2,28.8
1500000US440070174003,440070174003,"Block Group 3, Census Tract 174, Providence County, Rhode Island",24.0,20.1,25.7
1500000US440070175001,440070175001,"Block Group 1, Census Tract 175, Providence County, Rhode Island",39.1,38.4,39.4
1500000US440070175002,440070175002,"Block Group 2, Census Tract 175, Providence County, Rhode Island",36.2,37.9,35.1
1500000US440070175003,440070175003,"Block Group 3, Census Tract 175, Providence County, Rhode Island",40.4,38.5,42.8
1500000US440070176001,440070176001,"Block Group 1, Census Tract 176, Providence County, Rhode Island",26.7,25.9,27.1
1500000US440070176002,440070176002,"Block Group 2, Census Tract 176, Providence County, Rhode Island",33.4,33.1,33.6
1500000US440070177001,440070177001,"Block Group 1, Census Tract 177, Providence County, Rhode Island",43.9,43.5,44.0
1500000US440070177002,440070177002,"Block Group 2, Census Tract 177, Providence County, Rhode Island",40.4,39.4,41.3
1500000US440070177003,440070177003,"Block Group 3, Census Tract 177, Providence County, Rhode Island",40.8,38.8,43.0
1500000US440070178001,440070178001,"Block Group 1, Census Tract 178, Providence County, Rhode Island",46.0,44.6,47.9
1500000US440070178002,440070178002,"Block Group 2, Census Tract 178, Providence County, Rhode Island",34.7,33.6,36.4
1500000US440070178003,440070178003,"Block Group 3, Census Tract 178, Providence County, Rhode Island",31.3,30.0,32.1
1500000US440070179001,440070179001,"Block Group 1, Census Tract 179, Providence County, Rhode Island",30.8,30.9,30.8
1500000US440070179002,440070179002,"Block Group 2, Census Tract 179, Providence County, Rhode Island",27.9,27.3,29.2
1500000US440070179003,440070179003,"Block Group 3, Census Tract 179, Providence County, Rhode Island",44.1,41.9,46.7
1500000US440070180001,440070180001,"Block Group 1, Census Tract 180, Providence County, Rhode Island",48.3,47.4,49.0
1500000US440070180002,440070180002,"Block Group 2, Census Tract 180, Providence County, Rhode Island",49.2,46.2,53.3
1500000US440070180003,440070180003,"Block Group 3, Census Tract 180, Providence County, Rhode Island",42.4,40.9,45.6
1500000US440070181001,440070181001,"Block Group 1, Census Tract 181, Providence County, Rhode Island",38.0,37.2,39.8
1500000US440070181002,440070181002,"Block Group 2, Census Tract 181, Providence County, Rhode Island",31.9,32.4,31.5
1500000US440070182001,440070182001,"Block Group 1, Census Tract 182, Providence County, Rhode Island",33.6,34.1,33.2
1500000US440070182002,440070182002,"Block Group 2, Census Tract 182, Providence County, Rhode Island",29.5,28.4,30.8
1500000US440070183001,440070183001,"Block Group 1, Census Tract 183, Providence County, Rhode Island",29.5,28.8,30.5
1500000US440070184001,440070184001,"Block Group 1, Census Tract 184, Providence County, Rhode Island",31.9,29.3,33.6
1500000US440070184002,440070184002,"Block Group 2, Census Tract 184, Providence County, Rhode Island",46.8,46.1,48.1
1500000US440070184003,440070184003,"Block Group 3, Census Tract 184, Providence County, Rhode Island",42.6,40.8,43.4
1500000US440070184004,440070184004,"Block Group 4, Census Tract 184, Providence County, Rhode Island",49.0,46.8,51.3
1500000US440070184005,440070184005,"Block Group 5, Census Tract 184, Providence County, Rhode Island",36.7,33.4,38.6
1500000US440070185001,440070185001,"Block Group 1, Census Tract 185, Providence County, Rhode Island",40.0,39.2,41.5
1500000US440070185002,440070185002,"Block Group 2, Census Tract 185, Providence County, Rhode Island",47.2,44.9,49.3
1500000US440070185003,440070185003,"Block Group 3, Census Tract 185, Providence County, Rhode Island",39.7,37.7,41.5
